-- 관리자 데이터 삽입
INSERT INTO users (userId, password, userName, phoneNumber, isAdmin, address, image, createdAt) VALUES
('admin111', 'admin111', '관리자1', '123-4567-8901', 1, '관리자 계정', 'https://t4.ftcdn.net/jpg/03/08/33/75/360_F_308337583_CahQnaQMDdhkNnAY7Q0k7dhZZFCEmj7p.jpg', '2024-02-01 00:00:01'),
('admin222', 'admin222', '관리자2', '123-4567-8902', 1, '관리자 계정', 'https://t4.ftcdn.net/jpg/03/08/33/75/360_F_308337583_CahQnaQMDdhkNnAY7Q0k7dhZZFCEmj7p.jpg', '2024-02-01 00:00:02'),
('admin333', 'admin333', '관리자3', '123-4567-8903', 1, '관리자 계정', 'https://t4.ftcdn.net/jpg/03/08/33/75/360_F_308337583_CahQnaQMDdhkNnAY7Q0k7dhZZFCEmj7p.jpg', '2024-02-01 00:00:03');

-- PT 샘플 데이터 삽입
INSERT INTO users (userId, password, userName, phoneNumber, address, image, createdAt)
VALUES ('kkjjhh96', 'kkjjhh96', '김주형', '010-9711-9705', '경기도 과천시 별양로 11', 'https://i.imgur.com/AuncSGX.jpeg', '2024-01-03 12:20:40'),
('chelsea7023', 'chelsea7023', '김윤홍', '010-8816-7023', '서울특별시 서초구', 'https://i.imgur.com/h8UbrLh.jpeg?1', '2024-01-04 14:10:00');

-- 유저 데이터 삽입
INSERT INTO users (userId, password, userName, phoneNumber, address, createdAt) VALUES
('parkgt', 'parkgt123', '박건택', '010-1234-5671', '서울특별시 강남구 테헤란로', '2024-03-01 09:00:00'),
('limsh', 'limsh123', '임세하', '010-2345-6781', '서울특별시 종로구 종로대로', '2024-02-01 10:00:00'),
('kimhj', 'kimhj123', '김현재', '010-3456-7891', '서울특별시 중구 을지로', '2024-04-01 11:00:00'),
('kwonyg', 'kwonyg123', '권용수', '010-4567-8902', '서울특별시 용산구 한강대로', '2024-01-23 12:00:00'),
('kimjh', 'kimjh123', '김재현', '010-5678-9013', '서울특별시 서대문구 신촌로', '2024-01-21 13:00:00'),
('hanty', 'hanty123', '한도형', '010-6789-0124', '서울특별시 마포구 마포대로', '2024-01-20 14:00:00'),
('songcy', 'songcy123', '송창용', '010-7890-1235', '서울특별시 성동구 왕십리로', '2024-02-02 09:00:00'),
('leehu', 'leehu123', '이현우', '010-8901-2346', '서울특별시 광진구 광나루로', '2024-04-02 10:00:00'),
('baesj', 'baesj123', '배성진', '010-9012-3457', '서울특별시 동대문구 천호대로', '2024-01-21 11:00:00'),
('hongjh', 'hongjh123', '홍주형', '010-0123-4568', '서울특별시 중랑구 망우로', '2024-02-22 12:00:00'),
('hanjh', 'hanjh123', '한진형', '010-1234-5679', '서울특별시 성북구 보문로', '2024-01-29 13:00:00'),
('moonss', 'moonss123', '문선정', '010-2345-6782', '서울특별시 강북구 한천로', '2024-01-02 14:00:00'),
('kimkh', 'kimkh123', '김기창', '010-3456-7893', '서울특별시 도봉구 도봉로', '2024-01-03 09:00:00'),
('hwangmy', 'hwangmy123', '황민욱', '010-4567-8904', '서울특별시 노원구 상계로', '2024-01-03 10:00:00'),
('sonyj', 'sonyj123', '손영준', '010-5678-9015', '서울특별시 은평구 연서로', '2024-01-03 11:00:00'),
('shinhh', 'shinhh123', '신승호', '010-6789-0126', '서울특별시 서대문구 통일로', '2024-01-03 12:00:00'),
('leejy', 'leejy123', '이재영', '010-7890-1237', '서울특별시 마포구 월드컵로', '2024-01-03 13:00:00'),
('yookmw', 'yookmw123', '육민우', '010-1111-1111', '서울특별시 강동구 천호대로 11', '2024-01-03 14:30:00'),
('pyody', 'pyody123', '표다영', '010-8901-2349', '서울특별시 강동구 천호대로', '2024-01-13 14:00:00'),
('choijw', 'choijw123', '최장우', '010-9012-3450', '경기도 성남시 분당구', '2024-01-14 16:00:00'),
('seohee', 'seohee123', '서희', '010-0123-4561', '경기도 수원시 영통구', '2024-01-05 17:00:00'),
('parkhy', 'parkhy123', '박희연', '010-2222-3333', '경기도 고양시 일산서구', '2024-01-03 09:00:00'),
('yookyj', 'yookyj123', '육예진', '010-2345-6783', '경기도 용인시 기흥구', '2024-01-02 10:00:00'),
('youseh', 'youseh123', '유서현', '010-3456-7894', '경기도 화성시', '2024-03-04 11:00:00'),
('limkh', 'limkh123', '임가현', '010-5678-9016', '경기도 시흥시', '2024-03-04 13:00:00');

INSERT INTO products (productName, productPrice, productStock, productSold, productInfo, categoryId, image, createdAt) VALUES
('로고 반팔 티셔츠', 25000, 30, 3, '편안하고 스타일리시한 로고 반팔 티셔츠입니다.', 1, 'https://i.imgur.com/16HEJtg.jpg', '2024-01-01 09:00:00'),
('로고 긴팔 티셔츠', 30000, 25, 7, '신축성이 뛰어난 로고 긴팔 티셔츠입니다.', 1, 'https://i.imgur.com/sNNZpPD.jpg', '2024-01-01 09:10:00'),
('로고 기능성 반팔 티셔츠', 35000, 40, 27, '운동 시 착용하기 좋은 기능성 반팔 티셔츠입니다.', 1, 'https://i.imgur.com/gMyfaeR.jpg', '2024-01-01 09:20:00'),
('로고 기능성 나시', 28000, 35, 34, '여름철 운동에 적합한 기능성 나시입니다.', 1, 'https://i.imgur.com/edZus2f.jpg', '2024-01-01 09:30:00'),
('로고 기능성 긴팔 티셔츠', 40000, 30, 46, '추운 날씨에 적합한 기능성 긴팔 티셔츠입니다.', 1, 'https://i.imgur.com/hFWxak5.jpg', '2024-01-01 09:40:00'),
('다용도 가방', 15000, 50, 32, '안전하고 견고하며 많은 물품을 넣을 수 있는 다용도 가방입니다.', 1, 'https://i.imgur.com/LJZ03fY.jpg', '2024-01-01 09:50:00'),
('로고 힙색', 20000, 40, 3, '실용적이고 스타일리시한 로고 힙색입니다.', 1, 'https://i.imgur.com/J3rFEtb.jpg', '2024-01-01 10:00:00'),
('로고 볼캡', 18000, 45, 6, '햇빛을 막아주는 편안한 로고 볼캡입니다.', 1, 'https://i.imgur.com/0Nl6QIQ.jpg', '2024-01-01 10:10:00'),
('로고 반바지', 22000, 30, 0, '편안한 착용감의 로고 반바지입니다.', 1, 'https://i.imgur.com/TkcsHWB.jpg', '2024-01-01 10:20:00'),
('로고 텀블러', 25000, 50, 36, '휴대가 간편한 로고 텀블러입니다.', 1, 'https://i.imgur.com/Xh8KiWP.jpg', '2024-01-01 10:30:00'),
('로고 줄넘기', 12000, 40, 73, '운동 시 사용하기 좋은 로고 줄넘기입니다.', 1, 'https://i.imgur.com/5YwxV8d.jpg', '2024-01-01 10:40:00'),
('로고 에코백', 15000, 50, 72, '환경을 생각한 로고 에코백입니다.', 1, 'https://i.imgur.com/jjSjnY5.jpg', '2024-01-01 10:50:00'),
('로고 목 안마기', 45000, 20, 32, '피로를 풀어주는 로고 목 안마기입니다.', 1, 'https://i.imgur.com/evyArz3.jpg', '2024-01-01 11:00:00'),
('기능성 긴바지', 35000, 35, 12, '자외선을 차단해주며 신축성이 좋은 바지입니다.', 1, 'https://i.imgur.com/drzfWWE.jpg', '2024-01-01 11:10:00');

-- 카테고리별 상품 데이터 삽입
INSERT INTO products (productName, productPrice, productStock, productSold, productInfo, categoryId, image, createdAt) VALUES
('폼 롤러(대형)', 25000, 30, 3, '찌뿌둥한 몸을 상쾌하고 스트레칭할 수 있고, 뭉친 근육을 풀 수 있는 폼롤러입니다.', 2, 'https://i.imgur.com/JXhNdRX.jpg', '2024-01-01 09:00:00'),
('폼 롤러(소형)', 15000, 52, 20, '찌뿌둥한 몸을 상쾌하고 스트레칭할 수 있고, 뭉친 근육을 풀 수 있는 폼롤러입니다.', 2, 'https://i.imgur.com/C7B7QaW.jpg', '2024-01-01 09:03:00'),
('로고 헬스 다용도 벨트', 30000, 30, 15, '내구성이 뛰어나며 다양한 운동을 보조할 수 있도록 도와주는 다용도 헬스 벨트입니다.', 2, 'https://i.imgur.com/LeVGDEo.jpg', '2024-01-01 09:05:00'),
('단백질 보충제 2kg', 70000, 25, 20, '운동 전/후로 단백질을 보충하여 근육 생성 및 치료를 도와주는 단백질 보충제입니다.', 2, 'https://i.imgur.com/oADPkyA.jpg', '2024-01-01 09:10:00'),
('단백질 보충제 1kg', 40000, 40, 12, '운동 전/후로 단백질을 보충하여 근육 생성 및 치료를 도와주는 단백질 보충제입니다.', 2, 'https://i.imgur.com/oADPkyA.jpg', '2024-01-01 09:20:00'),
('로고 덤벨 1.5kg', 18000, 20, 10, '근력 강화에 효과적인 아령 1.5kg입니다. 초보자에게 추천드립니다.', 2, 'https://i.imgur.com/0g7WN8e.jpg', '2024-01-01 09:30:00'),
('로고 덤벨 3kg', 22000, 30, 25, '근력 강화에 효과적인 아령 1.5kg입니다. 초보자부터 중급자까지 추천드립니다.', 2, 'https://i.imgur.com/2jRmiuu.jpg', '2024-01-01 09:40:00'),
('로고 무릎 보호대', 29000, 50, 30, '하체 운동 시, 무릎 관절을 잡아주어 부상으로부터 안전하게 무릎을 보호할 수 있는 무릎 보호대입니다.', 2, 'https://i.imgur.com/Xzd0uof.jpg', '2024-01-01 09:50:00'),
('로고 손목 보호대', 24900, 25, 15, '상체 운동 시, 손목 관절을 잡아주어 부상으로부터 안전하게 손목을 보호할 수 있는 손목 보호대입니다.', 2, 'https://i.imgur.com/NJFaI1M.jpg', '2024-01-01 10:00:00'),
('로고 헬스 헤어 밴드', 22000, 40, 20, '운동에 집중할 수 있도록 머리를 정리할 수 있으며, 땀 배출을 효과적으로 도와주는 헬스용 헤어 밴드입니다.', 2, 'https://i.imgur.com/EYrBHzj.jpg', '2024-01-01 10:10:00'),
('로고 바벨 원판 5kg 세트', 69000, 20, 18, '웨이트 운동 시, 다양한 무게 옵션으로 파워리프팅이 가능한 원판 세트입니다.', 2, 'https://i.imgur.com/a3Dn9em.jpg', '2024-01-01 10:20:00'),
('로고 커틀벨 20kg', 49000, 30, 22, '손잡이가 있어 웨이트 운동 시, 편리함을 제공해 주는 커틀벨 20kg입니다.', 2, 'https://i.imgur.com/4dfvoDM.jpg', '2024-01-01 10:30:00'),
('로고 풀업 보조 밴드', 12000, 50, 25, '풀업 시 사용자를 보조하여 더 많은 운동량과 자극을 느끼게 해주는 풀업 보조 밴드입니다. 풀업용 외에도 다양한 방법으로 활용됩니다.', 2, 'https://i.imgur.com/Is2A708.jpg', '2024-01-01 10:40:00'),
('로고 팔목 보호대', 26900, 15, 12, '근력 운동 시, 팔목 관절을 잡아주어 부상으로부터 안전하게 팔목을 보호할 수 있는 팔목 보호대입니다.', 2, 'https://i.imgur.com/LfNi7tq.jpg', '2023-12-31 10:40:00'),
('로고 허리 보호대', 99000, 10, 10, '웨이트 운동 시, 허리를 강력하게 잡아주어 허리 부상을 최소화하고, 코어를 단단하게 잡아주는 허리 벨트입니다.', 2, 'https://i.imgur.com/QnxwANL.jpg', '2024-01-01 10:50:00');

INSERT INTO products (productName, productPrice, productStock, productSold, productInfo, categoryId, image, createdAt) VALUES
('로고 요가백', 30000, 25, 10, '요가 매트를 간편하게 휴대할 수 있는 요가백입니다.', 3, 'https://i.imgur.com/c8a04co.jpg', '2024-01-01 10:00:00'),
('요가복 상의', 40000, 25, 15, '신축성과 통기성이 뛰어난 요가복 상의입니다.', 3, 'https://i.imgur.com/6nQvWLm.jpg', '2024-01-01 09:10:00'),
('요가복 하의', 45000, 30, 20, '편안한 착용감을 제공하는 요가복 하의입니다.', 3, 'https://i.imgur.com/qZ8tIx0.jpg', '2024-01-01 09:20:00'),
('요가 링', 22000, 30, 18, '근력 강화를 돕는 요가 링입니다. 근력 강화뿐만 아니라 체형 교정에도 사용됩니다.', 3, 'https://i.imgur.com/60J0joi.jpg', '2024-01-01 10:40:00'),
('로고 머리끈', 8000, 50, 30, '운동 시 머리를 정리할 수 있는 로고 머리끈입니다.', 3, 'https://i.imgur.com/EtePWSI.jpg', '2024-01-01 10:20:00'),
('로고 요가 블록', 29000, 40, 18, '균형과 스트레칭을 돕는 요가 블록입니다.', 3, 'https://i.imgur.com/HjJXuJE.jpg', '2024-01-01 09:30:00'),
('로고 요가매트', 30000, 35, 25, '편안한 요가를 위해 고안된 미끄럼 방지 요가매트입니다.', 3, 'https://i.imgur.com/fqc6cOB.jpg', '2024-01-01 09:00:00'),
('요가 양말', 90000, 40, 20, '미끄럼 방지 기능이 있는 요가 양말입니다.', 3, 'https://i.imgur.com/peOfIi4.jpg', '2024-01-01 11:10:00'),
('로고 요가 타월', 18000, 35, 15, '흡수력이 뛰어난 요가 타월입니다.', 3, 'https://i.imgur.com/p7yxvJ4.jpg', '2024-01-01 09:50:00'),
('로고 물병', 12000, 45, 25, '휴대성이 좋은 로고 물병입니다.', 3, 'https://i.imgur.com/TUFcCTZ.jpg', '2024-01-01 10:10:00'),
('로고 요가 스트랩', 15000, 50, 20, '다양한 요가 자세를 지원하는 요가 스트랩입니다.', 3, 'https://i.imgur.com/ndN34v3.jpg', '2024-01-01 09:40:00'),
('로고 요가복 상의', 49000, 43, 23, '신축성과 통기성이 뛰어나며 여름철에 특히 기능이 좋은 기능성 요가복 상의입니다.', 3, 'https://i.imgur.com/buXsSZm.jpg', '2024-02-01 09:40:00'),
('로고 요가복 하의', 49000, 13, 31, '신축성과 통기성이 뛰어나며 여름철에 특히 기능이 좋은 기능성 요가복 상의입니다.', 3, 'https://i.imgur.com/04h0gES.jpg', '2024-02-01 09:50:00');

INSERT INTO products (productName, productPrice, productStock, productSold, productInfo, categoryId, image, createdAt) VALUES
('필라테스 양말', 3500, 40, 15, '미끄럼 방지 기능이 있어 안전하게 요가 및 필라테스를 할 수 있는 양말입니다.', 4, 'https://i.imgur.com/3JTQHsK.jpg', '2024-01-02 09:00:00'),
('필라테스바', 16000, 35, 20, '다양한 필라테스 동작을 보조하는 견고한 필라테스바입니다.', 4, 'https://i.imgur.com/za9L5tz.jpg', '2024-01-02 09:10:00'),
('필라테스 휠', 88000, 25, 12, '근력 강화와 유연성 향상에 도움을 주는 필라테스 휠입니다.', 4, 'https://i.imgur.com/FhrBWIs.jpg', '2024-01-02 09:20:00'),
('스탠딩 플레이트', 100000, 30, 18, '균형 잡기와 자세 교정에 효과적인 스탠딩 플레이트입니다.', 4, 'https://i.imgur.com/RMiwkLH.jpg', '2024-01-02 09:30:00'),
('점핑보드', 200000, 20, 15, '다양한 운동을 즐길 수 있는 탄력 있는 점핑보드입니다.', 4, 'https://i.imgur.com/J6y7LoH.jpg', '2024-01-02 09:40:00'),
('아크바렐', 200000, 40, 25, '근력과 유연성을 동시에 향상시킬 수 있는 아크바렐입니다.', 4, 'https://i.imgur.com/8cAf1yD.jpg', '2024-01-02 09:50:00'),
('리포머 박스', 200000, 25, 20, '다양한 필라테스 동작을 보조하는 리포머 박스입니다.', 4, 'https://i.imgur.com/Vsj7Mpt.jpg', '2024-01-02 10:00:00'),
('스파인서포터', 290000, 25, 12, '척추를 안정적으로 지지해주는 스파인서포터입니다.', 4, 'https://i.imgur.com/QzRkjWk.jpg', '2024-01-02 10:40:00'),
('스파인코렉터', 450000, 8, 6, '척추를 안정적으로 지지해주고 스트레칭해주는 스파인코렉터입니다.', 4, 'https://i.imgur.com/BDBjZLo.jpg', '2024-01-02 10:45:00'),
('필라테스 캐딜락', 2990000, 8, 2, '전문적인 필라테스 동작을 지원하는 필라테스 캐딜락입니다. 다양한 운동을 많이 할 수 있습니다.', 4, 'https://i.imgur.com/66dVdVM.jpg', '2024-01-02 10:10:00');

INSERT INTO products (productName, productPrice, productStock, productSold, productInfo, categoryId, image, createdAt) VALUES
('로고 클라이밍 헬멧', 99000, 35, 15, '안전하고 편안한 착용감을 제공하는 클라이밍 헬멧입니다.', 5, 'https://i.imgur.com/lGNQNeg.jpg', '2024-01-02 09:00:00'),
('클라이밍 하네스', 70000, 30, 12, '안전한 클라이밍을 위한 필수 아이템, 클라이밍 하네스입니다.', 5, 'https://i.imgur.com/IgfA7dN.jpg', '2024-01-02 09:20:00'),
('클라이밍 키트', 150000, 25, 15, '집이나 밖에서 쉽게 클라이밍을 즐길 수 있도록 구성품이 담긴 클라이밍 키트입니다.', 5, 'https://i.imgur.com/Z4fX73i.jpg', '2024-01-02 11:10:00'),
('클라이밍 퀵드로우', 30000, 50, 20, '편리한 사용과 높은 안전성을 제공하는 클라이밍 퀵드로우입니다.', 5, 'https://i.imgur.com/uWtn6EV.jpg', '2024-01-02 10:00:00'),
('클라이밍 초크백', 20000, 50, 25, '손쉽게 사용 가능한 클라이밍 초크백입니다.', 5, 'https://i.imgur.com/hIlQe9b.jpg', '2024-01-02 09:30:00'),
('클라이밍 초크', 10000, 40, 18, '그립력을 높여주는 고품질 클라이밍 초크입니다.', 5, 'https://i.imgur.com/ppwvqIA.jpg', '2024-01-02 09:40:00'),
('로고 클라이밍 장갑', 25000, 35, 15, '그립력과 보호 기능이 뛰어난 클라이밍 장갑입니다.', 5, 'https://i.imgur.com/jppS5ye.jpg', '2024-01-02 10:30:00'),
('로고 클라이밍 신발', 119000, 40, 123, '튼튼하고 그립감이 좋은 클라이밍 신발입니다.', 5, 'https://i.imgur.com/p3amvTT.jpg', '2024-01-02 09:10:00'),
('로고 클라이밍 로프', 59000, 25, 15, '안전성과 내구성을 겸비한 클라이밍 로프입니다.', 5, 'https://i.imgur.com/WCYQMKz.jpg', '2024-01-02 09:50:00');

INSERT INTO products (productName, productPrice, productStock, productSold, productInfo, categoryId, image, createdAt) VALUES
('러닝 헤어밴드', 12000, 40, 18, '땀을 흡수하고 머리를 정리할 수 있는 러닝 헤어밴드입니다.', 6, 'https://i.imgur.com/anWCdgy.jpg', '2024-01-02 10:20:00'),
('로고 러닝 자켓', 60000, 20, 12, '방풍 기능이 뛰어난 로고 러닝 자켓입니다. 경량 패딩형으로 추운 날씨에도 적합하며 안에 내피가 있어 탈부착이 가능합니다.', 6, 'https://i.imgur.com/OFeYQLe.jpeg', '2024-01-02 11:00:00'),
('로고 러닝 타이츠', 40000, 30, 20, '편안한 착용감을 제공하는 로고 러닝 타이츠입니다. 신축성이 뛰어납니다.', 6, 'https://i.imgur.com/og7kR5u.jpeg', '2024-01-02 10:50:00'),
('러닝 조끼', 50000, 25, 10, '가볍고 통기성이 좋은 러닝 조끼입니다.', 6, 'https://i.imgur.com/FOmYbkL.jpg', '2024-01-02 10:40:00'),
('러닝 양말', 9900, 35, 15, '땀을 잘 흡수하고 발을 보호하는 러닝 양말입니다.', 6, 'https://i.imgur.com/ZfbsYSu.jpg', '2024-01-02 09:10:00'),
('러닝 손목밴드', 10000, 35, 15, '땀을 흡수하고 손목을 보호하는 러닝 손목밴드입니다.', 6, 'https://i.imgur.com/8mYC53O.jpg', '2024-01-02 10:30:00'),
('러닝 선글라스', 100000, 20, 15, '자외선을 차단해주는 편안한 러닝 선글라스입니다.', 6, 'https://i.imgur.com/I5BnKMn.jpg', '2024-01-02 09:50:00'),
('러닝 벨트', 22000, 30, 12, '러닝 중 필요한 물품을 보관할 수 있는 러닝 벨트입니다.', 6, 'https://i.imgur.com/eHi8IBD.jpg', '2024-01-02 10:10:00'),
('러닝 반바지', 30000, 30, 18, '신축성이 뛰어나고 통기성이 좋은 러닝 반바지입니다.', 6, 'https://i.imgur.com/YJr1fjW.jpg', '2024-01-02 09:20:00'),
('러닝 바람막이', 55000, 70, 25, '통풍이 우수하며 방수 재질의 바람막이입니다. 봄/가을 모두 적합합니다.', 6, 'https://i.imgur.com/QccViSD.jpg', '2024-01-02 09:22:00'),
('러닝 나시', 19000, 25, 12, '가볍고 통기성이 좋은 러닝 셔츠입니다.', 6, 'https://i.imgur.com/9GUp9F8.jpg', '2024-01-02 09:30:00'),
('러닝 깔창', 5900, 150, 200, '편안하고 내구성이 뛰어나며 푹신한 쿠션감을 제공하는 러닝화 깔창입니다.', 6, 'https://i.imgur.com/0nQDNnz.jpg', '2024-01-02 09:00:00'),
('러닝 가방', 54900, 63, 36, '러닝할 때 다양한 소지품을 보관하여 러닝 시 불편함을 해소시켜 주는 다용도 가방입니다. 몸에 착용할 수 있습니다.', 6, 'https://i.imgur.com/9k4Bvfe.jpg', '2024-01-02 09:40:00');

INSERT INTO products (productName, productPrice, productStock, productSold, productInfo, categoryId, image, createdAt) VALUES
('여성 수영복', 45000, 60, 40, '편안하고 내구성이 뛰어난 고품질 여성 수영복입니다.', 7, 'https://i.imgur.com/JcTlZNp.jpg', '2024-04-01 09:00:00'),
('공용 수영모', 15000, 70, 50, '방수성이 뛰어나고 착용감이 좋은 수영모입니다.', 7, 'https://i.imgur.com/S8z1PtO.jpg', '2024-04-02 09:00:00'),
('수영 패들', 27000, 40, 30, '팔 힘을 길러주는 수영 훈련용 패들입니다.', 7, 'https://i.imgur.com/4DqtSmZ.jpg', '2024-04-10 09:00:00'),
('수영 킥보드', 35000, 60, 40, '다양한 수영 동작을 훈련할 수 있는 킥보드입니다.', 7, 'https://i.imgur.com/kluDIXV.jpg', '2024-04-09 09:00:00'),
('수영 코마개', 4900, 60, 40, '물 속에서 코를 보호해주는 수영 코마개입니다.', 7, 'https://i.imgur.com/niQnU6Z.jpg', '2024-04-05 09:00:00'),
('수영 스노쿨링 세트', 99000, 80, 60, '휴대성이 좋고 내구성이 뛰어난 스노쿨링 세트입니다. 휴양지에서도 사용할 수 있습니다.', 7, 'https://i.imgur.com/eev4Bml.jpg', '2024-04-14 09:00:00'),
('수영 플립퍼', 40000, 50, 35, '효과적인 수영 훈련을 위한 플립퍼입니다.', 7, 'https://i.imgur.com/sIDM0vU.jpg', '2024-04-08 09:00:00'),
('아쿠아 마스크', 3900, 145, 24, '고품질의 내구성이 뛰어난 아쿠아 마스크입니다.', 7, 'https://i.imgur.com/iJhD4Ji.jpg', '2024-04-12 09:00:00'),
('스포츠 타월', 18900, 70, 60, '흡수력이 뛰어난 빠르게 건조되는 스포츠 타월입니다.', 7, 'https://i.imgur.com/MiMBQVw.jpg', '2024-04-07 09:00:00'),
('수경', 39000, 80, 70, '김서림 방지 기능이 있는 고품질 수경입니다.', 7, 'https://i.imgur.com/lpVHmY8.jpg', '2024-04-03 09:00:00'),
('수영 부이', 18000, 65, 50, '수영 시 안전을 보장해주는 수영 부이입니다.', 7, 'https://i.imgur.com/5FVwTSa.jpg', '2024-04-11 09:00:00'),
('수영 로고 래쉬가드 상의', 33900, 55, 45, '휴대성과 내구성이 뛰어난 로고 래쉬 가드입니다. 남여 공용이며 OS 사이즈로 누구나 착용이 가능합니다.', 7, 'https://i.imgur.com/xLmU3iB.jpeg', '2024-04-06 09:00:00'),
('남성 수영복', 39000, 40, 60, '편안하고 내구성이 뛰어난 고품질 남성 수영복입니다. 여름철에 맞게 화사한 색으로 여름을 준비하세요.', 7, 'https://i.imgur.com/M8SPMAU.jpg', '2024-04-07 09:30:00'),
('수영 귀마개', 7900, 50, 30, '귀를 보호해주는 편안한 수영 귀마개 세트입니다. 보관용 트레이까지 함께 동봉됩니다.', 7, 'https://i.imgur.com/iQ5OOVL.jpg', '2024-04-04 09:00:00'),
('수영 가방', 10900, 89, 61, '편리한 수납 공간을 제공하는 수영 가방입니다. 무척 가벼워 누구나 쉽게 소지가 가능합니다.', 7, 'https://i.imgur.com/SjOEL81.jpg', '2024-04-13 09:00:00');

-- 장바구니 데이터 삽입
INSERT INTO carts (userId, productId, productName, productPrice, amount, image, createdAt)
VALUES 
('kkjjhh96', 1, '로고 반팔 티셔츠', 25000, 2, 'https://i.imgur.com/16HEJtg.jpg', '2024-05-21 09:00:00'),
('kkjjhh96', 2, '로고 긴팔 티셔츠', 30000, 3, 'https://i.imgur.com/sNNZpPD.jpg', '2024-05-21 09:00:00'),
('chelsea7023', 3, '로고 기능성 반팔 티셔츠', 35000, 1, 'https://i.imgur.com/gMyfaeR.jpg', '2024-05-21 09:00:00'),
('chelsea7023', 4, '로고 기능성 나시', 28000, 4, 'https://i.imgur.com/edZus2f.jpg', '2024-05-21 09:00:00'),
('parkgt', 5, '로고 기능성 긴팔 티셔츠', 40000, 5, 'https://i.imgur.com/hFWxak5.jpg', '2024-05-21 09:00:00'),
('parkgt', 6, '다용도 가방', 15000, 2, 'https://i.imgur.com/LJZ03fY.jpg', '2024-05-21 09:00:00'),
('limsh', 7, '로고 힙색', 20000, 3, 'https://i.imgur.com/J3rFEtb.jpg', '2024-05-21 09:00:00'),
('limsh', 8, '로고 볼캡', 18000, 1, 'https://i.imgur.com/0Nl6QIQ.jpg', '2024-05-21 09:00:00'),
('kimhj', 9, '로고 반바지', 22000, 4, 'https://i.imgur.com/TkcsHWB.jpg', '2024-05-21 09:00:00'),
('kimhj', 10, '로고 텀블러', 25000, 2, 'https://i.imgur.com/Xh8KiWP.jpg', '2024-05-21 09:00:00'),
('kwonyg', 11, '로고 줄넘기', 12000, 3, 'https://i.imgur.com/5YwxV8d.jpg', '2024-05-21 09:00:00'),
('kwonyg', 12, '로고 에코백', 15000, 1, 'https://i.imgur.com/jjSjnY5.jpg', '2024-05-21 09:00:00'),
('kimjh', 13, '로고 목 안마기', 45000, 4, 'https://i.imgur.com/evyArz3.jpg', '2024-05-21 09:00:00'),
('kimjh', 14, '기능성 긴바지', 35000, 2, 'https://i.imgur.com/drzfWWE.jpg', '2024-05-21 09:00:00'),
('hanty', 15, '폼 롤러(대형)', 25000, 3, 'https://i.imgur.com/JXhNdRX.jpg', '2024-05-21 09:00:00'),
('hanty', 16, '폼 롤러(소형)', 15000, 1, 'https://i.imgur.com/C7B7QaW.jpg', '2024-05-21 09:00:00'),
('songcy', 17, '로고 헬스 다용도 벨트', 30000, 4, 'https://i.imgur.com/LeVGDEo.jpg', '2024-05-21 09:00:00'),
('songcy', 18, '단백질 보충제 2kg', 70000, 2, 'https://i.imgur.com/oADPkyA.jpg', '2024-05-21 09:00:00'),
('leehu', 19, '단백질 보충제 1kg', 40000, 3, 'https://i.imgur.com/oADPkyA.jpg', '2024-05-21 09:00:00'),
('leehu', 20, '로고 덤벨 1.5kg', 18000, 1, 'https://i.imgur.com/0g7WN8e.jpg', '2024-05-21 09:00:00'),
('baesj', 21, '로고 덤벨 3kg', 22000, 4, 'https://i.imgur.com/2jRmiuu.jpg', '2024-05-21 09:00:00'),
('baesj', 22, '로고 무릎 보호대', 29000, 2, 'https://i.imgur.com/Xzd0uof.jpg', '2024-05-21 09:00:00'),
('hongjh', 23, '로고 손목 보호대', 24900, 3, 'https://i.imgur.com/NJFaI1M.jpg', '2024-05-21 09:00:00'),
('hongjh', 24, '로고 헬스 헤어 밴드', 22000, 1, 'https://i.imgur.com/EYrBHzj.jpg', '2024-05-21 09:00:00'),
('hanjh', 25, '로고 바벨 원판 5kg 세트', 69000, 4, 'https://i.imgur.com/a3Dn9em.jpg', '2024-05-21 09:00:00'),
('hanjh', 26, '로고 커틀벨 20kg', 49000, 2, 'https://i.imgur.com/4dfvoDM.jpg', '2024-05-21 09:00:00'),
('moonss', 27, '로고 풀업 보조 밴드', 12000, 3, 'https://i.imgur.com/Is2A708.jpg', '2024-05-21 09:00:00'),
('moonss', 28, '로고 팔목 보호대', 26900, 1, 'https://i.imgur.com/LfNi7tq.jpg', '2024-05-21 09:00:00'),
('kimkh', 29, '로고 허리 보호대', 99000, 4, 'https://i.imgur.com/QnxwANL.jpg', '2024-05-21 09:00:00'),
('kimkh', 30, '로고 요가백', 30000, 2, 'https://i.imgur.com/c8a04co.jpg', '2024-05-21 09:00:00'),
('hwangmy', 31, '요가복 상의', 40000, 3, 'https://i.imgur.com/6nQvWLm.jpg', '2024-05-21 09:00:00'),
('hwangmy', 32, '요가복 하의', 45000, 1, 'https://i.imgur.com/qZ8tIx0.jpg', '2024-05-21 09:00:00'),
('sonyj', 33, '요가 링', 22000, 4, 'https://i.imgur.com/60J0joi.jpg', '2024-05-21 09:00:00'),
('sonyj', 34, '로고 머리끈', 8000, 2, 'https://i.imgur.com/EtePWSI.jpg', '2024-05-21 09:00:00'),
('shinhh', 35, '로고 요가 블록', 29000, 3, 'https://i.imgur.com/HjJXuJE.jpg', '2024-05-21 09:00:00'),
('shinhh', 36, '로고 요가매트', 30000, 1, 'https://i.imgur.com/fqc6cOB.jpg', '2024-05-21 09:00:00'),
('leejy', 37, '요가 양말', 9000, 4, 'https://i.imgur.com/peOfIi4.jpg', '2024-05-21 09:00:00'),
('leejy', 38, '로고 요가 타월', 18000, 2, 'https://i.imgur.com/p7yxvJ4.jpg', '2024-05-21 09:00:00'),
('yookmw', 39, '로고 물병', 12000, 3, 'https://i.imgur.com/TUFcCTZ.jpg', '2024-05-21 09:00:00'),
('yookmw', 40, '로고 요가 스트랩', 15000, 1, 'https://i.imgur.com/ndN34v3.jpg', '2024-05-21 09:00:00'),
('pyody', 41, '로고 요가복 상의', 49000, 4, 'https://i.imgur.com/buXsSZm.jpg', '2024-05-21 09:00:00'),
('pyody', 42, '로고 요가복 하의', 49000, 2, 'https://i.imgur.com/04h0gES.jpg', '2024-05-21 09:00:00'),
('choijw', 43, '필라테스 양말', 3500, 3, 'https://i.imgur.com/3JTQHsK.jpg', '2024-05-21 09:00:00'),
('choijw', 44, '필라테스바', 16000, 1, 'https://i.imgur.com/za9L5tz.jpg', '2024-05-21 09:00:00'),
('seohee', 45, '필라테스 휠', 88000, 4, 'https://i.imgur.com/FhrBWIs.jpg', '2024-05-21 09:00:00'),
('seohee', 46, '스탠딩 플레이트', 100000, 2, 'https://i.imgur.com/RMiwkLH.jpg', '2024-05-21 09:00:00'),
('parkhy', 47, '점핑보드', 200000, 3, 'https://i.imgur.com/J6y7LoH.jpg', '2024-05-21 09:00:00'),
('parkhy', 48, '아크바렐', 200000, 1, 'https://i.imgur.com/8cAf1yD.jpg', '2024-05-21 09:00:00'),
('yookyj', 49, '리포머 박스', 200000, 4, 'https://i.imgur.com/Vsj7Mpt.jpg', '2024-05-21 09:00:00'),
('yookyj', 50, '스파인서포터', 290000, 2, 'https://i.imgur.com/QzRkjWk.jpg', '2024-05-21 09:00:00'),
('youseh', 51, '스파인코렉터', 450000, 3, 'https://i.imgur.com/BDBjZLo.jpg', '2024-05-21 09:00:00'),
('youseh', 52, '필라테스 캐딜락', 2990000, 1, 'https://i.imgur.com/66dVdVM.jpg', '2024-05-21 09:00:00'),
('limkh', 53, '로고 클라이밍 헬멧', 99000, 4, 'https://i.imgur.com/lGNQNeg.jpg', '2024-05-21 09:00:00'),
('limkh', 54, '클라이밍 하네스', 70000, 2, 'https://i.imgur.com/IgfA7dN.jpg', '2024-05-21 09:00:00');

-- 주문 데이터 삽입
INSERT INTO orders (userId, productId, productName, productPrice, amount, totalPrice, image, createdAt)
VALUES 
('kkjjhh96', 1, '로고 반팔 티셔츠', 25000, 2, 50000, 'https://i.imgur.com/16HEJtg.jpg', '2024-05-21 09:00:00'),
('kkjjhh96', 2, '로고 긴팔 티셔츠', 30000, 3, 90000, 'https://i.imgur.com/sNNZpPD.jpg', '2024-05-21 09:00:00'),
('chelsea7023', 3, '로고 기능성 반팔 티셔츠', 35000, 1, 35000, 'https://i.imgur.com/gMyfaeR.jpg', '2024-05-21 09:00:00'),
('chelsea7023', 4, '로고 기능성 나시', 28000, 4, 112000, 'https://i.imgur.com/edZus2f.jpg', '2024-05-21 09:00:00'),
('parkgt', 5, '로고 기능성 긴팔 티셔츠', 40000, 5, 200000, 'https://i.imgur.com/hFWxak5.jpg', '2024-05-21 09:00:00'),
('parkgt', 6, '다용도 가방', 15000, 2, 30000, 'https://i.imgur.com/LJZ03fY.jpg', '2024-05-21 09:00:00'),
('limsh', 7, '로고 힙색', 20000, 3, 60000, 'https://i.imgur.com/J3rFEtb.jpg', '2024-05-21 09:00:00'),
('limsh', 8, '로고 볼캡', 18000, 1, 18000, 'https://i.imgur.com/0Nl6QIQ.jpg', '2024-05-21 09:00:00'),
('kimhj', 9, '로고 반바지', 22000, 4, 88000, 'https://i.imgur.com/TkcsHWB.jpg', '2024-05-21 09:00:00'),
('kimhj', 10, '로고 텀블러', 25000, 2, 50000, 'https://i.imgur.com/Xh8KiWP.jpg', '2024-05-21 09:00:00'),
('kwonyg', 11, '로고 줄넘기', 12000, 3, 36000, 'https://i.imgur.com/5YwxV8d.jpg', '2024-05-21 09:00:00'),
('kwonyg', 12, '로고 에코백', 15000, 1, 15000, 'https://i.imgur.com/jjSjnY5.jpg', '2024-05-21 09:00:00'),
('kimjh', 13, '로고 목 안마기', 45000, 4, 180000, 'https://i.imgur.com/evyArz3.jpg', '2024-05-21 09:00:00'),
('kimjh', 14, '기능성 긴바지', 35000, 2, 70000, 'https://i.imgur.com/drzfWWE.jpg', '2024-05-21 09:00:00'),
('hanty', 15, '폼 롤러(대형)', 25000, 3, 75000, 'https://i.imgur.com/JXhNdRX.jpg', '2024-05-21 09:00:00'),
('hanty', 16, '폼 롤러(소형)', 15000, 1, 15000, 'https://i.imgur.com/C7B7QaW.jpg', '2024-05-21 09:00:00'),
('songcy', 17, '로고 헬스 다용도 벨트', 30000, 4, 120000, 'https://i.imgur.com/LeVGDEo.jpg', '2024-05-21 09:00:00'),
('songcy', 18, '단백질 보충제 2kg', 70000, 2, 140000, 'https://i.imgur.com/oADPkyA.jpg', '2024-05-21 09:00:00'),
('leehu', 19, '단백질 보충제 1kg', 40000, 3, 120000, 'https://i.imgur.com/oADPkyA.jpg', '2024-05-21 09:00:00'),
('leehu', 20, '로고 덤벨 1.5kg', 18000, 1, 18000, 'https://i.imgur.com/0g7WN8e.jpg', '2024-05-21 09:00:00'),
('baesj', 21, '로고 덤벨 3kg', 22000, 4, 88000, 'https://i.imgur.com/2jRmiuu.jpg', '2024-05-21 09:00:00'),
('baesj', 22, '로고 무릎 보호대', 29000, 2, 58000, 'https://i.imgur.com/Xzd0uof.jpg', '2024-05-21 09:00:00'),
('hongjh', 23, '로고 손목 보호대', 24900, 3, 74700, 'https://i.imgur.com/NJFaI1M.jpg', '2024-05-21 09:00:00'),
('hongjh', 24, '로고 헬스 헤어 밴드', 22000, 1, 22000, 'https://i.imgur.com/EYrBHzj.jpg', '2024-05-21 09:00:00'),
('hanjh', 25, '로고 바벨 원판 5kg 세트', 69000, 4, 276000, 'https://i.imgur.com/a3Dn9em.jpg', '2024-05-21 09:00:00'),
('hanjh', 26, '로고 커틀벨 20kg', 49000, 2, 98000, 'https://i.imgur.com/4dfvoDM.jpg', '2024-05-21 09:00:00'),
('moonss', 27, '로고 풀업 보조 밴드', 12000, 3, 36000, 'https://i.imgur.com/Is2A708.jpg', '2024-05-21 09:00:00'),
('moonss', 28, '로고 팔목 보호대', 26900, 1, 26900, 'https://i.imgur.com/LfNi7tq.jpg', '2024-05-21 09:00:00'),
('kimkh', 29, '로고 허리 보호대', 99000, 4, 396000, 'https://i.imgur.com/QnxwANL.jpg', '2024-05-21 09:00:00'),
('kimkh', 30, '로고 요가백', 30000, 2, 60000, 'https://i.imgur.com/c8a04co.jpg', '2024-05-21 09:00:00'),
('hwangmy', 31, '요가복 상의', 40000, 3, 120000, 'https://i.imgur.com/6nQvWLm.jpg', '2024-05-21 09:00:00'),
('hwangmy', 32, '요가복 하의', 45000, 1, 45000, 'https://i.imgur.com/qZ8tIx0.jpg', '2024-05-21 09:00:00'),
('sonyj', 33, '요가 링', 22000, 4, 88000, 'https://i.imgur.com/60J0joi.jpg', '2024-05-21 09:00:00'),
('sonyj', 34, '로고 머리끈', 8000, 2, 16000, 'https://i.imgur.com/EtePWSI.jpg', '2024-05-21 09:00:00'),
('shinhh', 35, '로고 요가 블록', 29000, 3, 87000, 'https://i.imgur.com/HjJXuJE.jpg', '2024-05-21 09:00:00'),
('shinhh', 36, '로고 요가매트', 30000, 1, 30000, 'https://i.imgur.com/fqc6cOB.jpg', '2024-05-21 09:00:00'),
('leejy', 37, '요가 양말', 90000, 4, 360000, 'https://i.imgur.com/peOfIi4.jpg', '2024-05-21 09:00:00'),
('leejy', 38, '로고 요가 타월', 18000, 2, 36000, 'https://i.imgur.com/p7yxvJ4.jpg', '2024-05-21 09:00:00'),
('yookmw', 39, '로고 물병', 12000, 3, 36000, 'https://i.imgur.com/TUFcCTZ.jpg', '2024-05-21 09:00:00'),
('yookmw', 40, '로고 요가 스트랩', 15000, 1, 15000, 'https://i.imgur.com/ndN34v3.jpg', '2024-05-21 09:00:00'),
('pyody', 41, '로고 요가복 상의', 49000, 4, 196000, 'https://i.imgur.com/buXsSZm.jpg', '2024-05-21 09:00:00'),
('pyody', 42, '로고 요가복 하의', 49000, 2, 98000, 'https://i.imgur.com/04h0gES.jpg', '2024-05-21 09:00:00'),
('choijw', 43, '필라테스 양말', 3500, 3, 10500, 'https://i.imgur.com/3JTQHsK.jpg', '2024-05-21 09:00:00'),
('choijw', 44, '필라테스바', 16000, 1, 16000, 'https://i.imgur.com/za9L5tz.jpg', '2024-05-21 09:00:00'),
('seohee', 45, '필라테스 휠', 88000, 4, 352000, 'https://i.imgur.com/FhrBWIs.jpg', '2024-05-21 09:00:00'),
('seohee', 46, '스탠딩 플레이트', 100000, 2, 200000, 'https://i.imgur.com/RMiwkLH.jpg', '2024-05-21 09:00:00'),
('parkhy', 47, '점핑보드', 200000, 3, 600000, 'https://i.imgur.com/J6y7LoH.jpg', '2024-05-21 09:00:00'),
('parkhy', 48, '아크바렐', 200000, 1, 200000, 'https://i.imgur.com/8cAf1yD.jpg', '2024-05-21 09:00:00'),
('yookyj', 49, '리포머 박스', 200000, 4, 800000, 'https://i.imgur.com/Vsj7Mpt.jpg', '2024-05-21 09:00:00'),
('yookyj', 50, '스파인서포터', 290000, 2, 580000, 'https://i.imgur.com/QzRkjWk.jpg', '2024-05-21 09:00:00'),
('youseh', 51, '스파인코렉터', 450000, 3, 1350000, 'https://i.imgur.com/BDBjZLo.jpg', '2024-05-21 09:00:00'),
('youseh', 52, '필라테스 캐딜락', 2990000, 1, 2990000, 'https://i.imgur.com/66dVdVM.jpg', '2024-05-21 09:00:00'),
('limkh', 53, '로고 클라이밍 헬멧', 99000, 4, 396000, 'https://i.imgur.com/lGNQNeg.jpg', '2024-05-21 09:00:00'),
('limkh', 54, '클라이밍 하네스', 70000, 2, 140000, 'https://i.imgur.com/IgfA7dN.jpg', '2024-05-21 09:00:00');

